dạ#N	O
bên#N	O
e#N	O
chưa#R	O
giao#V	O
đến#E	O
vĩnh	LOC
lộc#N	LOC
được#R	O
vì#E	O
xa#A	O
quá#R	O
ạ#T	O
_EndOfLine_	O
Ship#N	O
nội	O
thành#N	O
Hà	LOC
Nội#Np	LOC
25k#Np	O
ạ#T	O
_EndOfLine_	O
Shop#Np	O
ship#V	O
COD#N	O
toàn	O
quốc#N	O
là#V	O
30k#Np	O
_EndOfLine_	O
Mình#P	O
ở#E	O
ksan#N	O
chỗ#N	O
Yên	LOC
Phụ#Np	LOC
thì#C	O
đến#V	O
cơ#V	O
sơ#N	O
nào#P	O
của#E	O
shop#N	O
sẽ#R	O
gần#A	O
hơn#A	O
nhỉ#T	O
?#CH	O
_EndOfLine_	O
207#N	O
Nguyễn#Np	O
Văn#Np	O
Trỗi#Np	O
_EndOfLine_	O
Dạ#N	O
chị#Nc	O
cho#V	O
shop#V	O
xin#V	O
TÊN#N	O
+#V	O
ĐỊA	O
CHỈ#N	O
đầy	O
đủ#A	O
(#CH	O
đường#N	O
_EndOfLine_	O
Ship#N	O
luôn#R	O
đđc#V	O
k#N	O
shop#M	O
_EndOfLine_	O
Phương#Np	O
Thi#Np	O
Tran#Np	O
_EndOfLine_	O
Trần#Np	O
Thị#Np	O
Hậu#Np	O
_EndOfLine_	O
(#CH	O
+#N	O
84#Np	O
)#CH	O
968404854#Np	O
_EndOfLine_	O
Cty#Np	LOC
royal#V	LOC
alliance#N	LOC
vina#V	LOC
đường#N	LOC
số#N	LOC
8#M	LOC
kcn#N	LOC
trảng	LOC
bàng#N	LOC
tây	LOC
ninh#M	LOC
_EndOfLine_	O
Em#N	O
chào#V	O
chị#Nc	O
Nguyen#Np	O
Thuy#Np	O
Dung#Np	O
ạ#T	O
.#CH	O
_EndOfLine_	O
Hiện	O
tại#N	O
KiotViet#N	O
đã#R	O
có#V	O
chi	O
nhánh#N	O
ở#E	O
Thành	LOC
phố#N	LOC
Vinh#Np	LOC
.#CH	O
Không#R	O
biết#V	O
chị#Nc	O
đang#R	O
cần#V	O
hỗ	O
trợ#V	O
vấn	O
đề#N	O
gì#P	O
để#E	O
em#N	O
báo#V	O
chuyên	O
viên#N	O
hỗ	O
trợ#V	O
cho#E	O
chị#Nc	O
luôn#R	O
ạ#T	O
.#CH	O
_EndOfLine_	O
NGUYỄN#N	O
THỊ#V	O
MỸ#N	O
CHI#V	O
0933#Np	O
340#Np	O
713#Np	O
_EndOfLine_	O
CÔNG#N	LOC
TY#N	LOC
CP#V	LOC
BAO	LOC
BÌ#N	LOC
TÍN#V	LOC
THÀNH#N	LOC
.#CH	O
LÔ#N	LOC
C12#Np	LOC
CỤM#N	LOC
CN#Ny	LOC
NHỰA#N	LOC
ĐỨC#N	LOC
HÒA#M	LOC
_EndOfLine_	O
Ngọc#N	O
huyền#N	O
0916695340#Np	O
_EndOfLine_	O
304#N	LOC
cây#Nc	LOC
trâm#N	LOC
p9#V	LOC
go#N	LOC
̀#V	LOC
tp#N	LOC
hcm#M	LOC
_EndOfLine_	O
chị#Nc	O
đặt	O
hàng#V	O
cho#E	O
em#N	O
xin#V	O
thông	O
tin#N	O
:#CH	O
tên#N	O
+#V	O
sđt#N	O
+#V	O
địa	O
chỉ#N	O
cụ	O
thể#A	O
chị#Nc	O
nhé#T	O
_EndOfLine_	O
Giá#N	O
quấn#V	O
bn#N	O
ạ#I	O
?#CH	O
Ship#Np	O
Hạ	LOC
Long#Np	LOC
thì#C	O
bao	O
nhiêu#P	O
ạ#I	O
?#CH	O
_EndOfLine_	O
Bao	O
nhiêu#P	O
tiền#N	O
1#Np	O
đôi#M	O
ạ#I	O
?#CH	O
Ship#Np	O
về#E	O
Lập#Np	LOC
Thạch	LOC
vĩnh	LOC
phúc#V	LOC
bao	O
nhiêu#P	O
ạ#I	O
?#CH	O
_EndOfLine_	O
Phạm#Np	O
thị#V	O
tố#N	O
nga#V	O
văn	LOC
phòng#N	LOC
huyện	LOC
ủy#V	LOC
xuyên	LOC
mộc#N	LOC
huyện#N	LOC
xuyên	LOC
mộc#V	LOC
bà	LOC
rịa#N	LOC
vũng	LOC
tàu#N	LOC
0906968066#Np	O
_EndOfLine_	O
Pu#Np	O
Luong#Np	O
Eco#Np	O
Garden#Np	O
_EndOfLine_	O
474#Np	LOC
/#CH	LOC
11#M	LOC
nguyễn#N	LOC
tri#V	LOC
phuong#N	LOC
p9q10#M	LOC
_EndOfLine_	O
Dạ#Np	O
hóa#V	O
đơn#N	O
của#E	O
anh	O
chị#Nc	O
đã#R	O
được#V	O
chuyển#V	O
lên#V	O
cơ	LOC
sở#N	LOC
Quán	LOC
Thánh#Np	LOC
ạ#T	O
.#CH	O
_EndOfLine_	O
Nếu#C	O
có#V	O
thắc	O
mắc#V	O
hoặc#C	O
thay	O
đổi#V	O
về#R	O
đơn	O
hàng#V	O
anh	O
chị#Nc	O
vui	O
lòng#N	O
Liên	O
hệ#V	O
Hotline#Np	O
:#CH	O
024.665.665.65#N	O
để#E	O
được#V	O
giải	O
đáp#V	O
ạ#T	O
.#CH	O
_EndOfLine_	O
Anh	O
chị#Nc	O
vui	O
lòng#V	O
giữ	O
lại#N	O
hóa#V	O
đơn#N	O
và#C	O
sản	O
phẩm#N	O
để#E	O
được#V	O
hỗ	O
trợ#V	O
đổi#V	O
trả#V	O
trong	O
vòng#N	O
24h#Np	O
.#CH	O
_EndOfLine_	O
Em#N	O
cảm	O
ơn#V	O
ạ#T	O
_EndOfLine_	O
Ngô#Np	O
Thị#Np	O
Mỹ#Np	O
Phương#Np	O
_EndOfLine_	O
0989#Np	O
381#Np	O
830#Np	O
_EndOfLine_	O
Khu#N	LOC
staffhouse#V	LOC
cty#N	LOC
FLC#N	LOC
Qui#Np	LOC
Nhơn#Np	LOC
_EndOfLine_	O
dạ#N	O
nhà#N	O
mình#P	O
có#V	O
quen#V	O
xe	O
khách#N	O
nào#P	O
từ#E	O
hn#N	LOC
về#E	O
hưng#N	LOC
yên#A	LOC
ko#T	O
ạ#T	O
?#CH	O
_EndOfLine_	O
0903451971#Np	O
/#CH	O
chị#Nc	O
Liên#Np	O
_EndOfLine_	O
Công	O
ty#N	O
thiết	O
kế#V	O
ADCI#V	O
/#CH	O
ngõ#N	O
81#Np	O
_EndOfLine_	O
Ship#N	O
sau#N	O
3h#Np	O
chiều#N	O
đến#E	O
đchi#N	O
gốc#N	LOC
đề#N	LOC
giúp#V	O
mình#P	O
_EndOfLine_	O
mình#P	O
vừa#R	O
gửi#V	O
bạn#N	O
địa	O
chỉ#N	O
và#C	O
sđt#N	O
của#E	O
shop#M	O
_EndOfLine_	O
.#CH	O
shop#N	O
ơi#I	O
anh#Nc	O
shiper#V	O
ở#E	O
lạng#N	LOC
sơn#V	LOC
đúng#A	O
hông#N	O
ạ#T	O
_EndOfLine_	O
park#N	LOC
2#M	LOC
timescity#N	LOC
nhé#T	O
ạ#T	O
sdt#N	O
0988390989#Np	O
_EndOfLine_	O
CN#N	O
1#Np	O
Tổng#Np	O
:#CH	O
333B#N	LOC
Minh#Np	LOC
Phụng#Np	LOC
_EndOfLine_	O
shop#N	O
ở#E	O
tphcm#N	LOC
nhé#T	O
chị#Nc	O
_EndOfLine_	O
Ship#Np	O
trong#E	O
tphcm#N	LOC
là#V	O
bn#N	O
ạ#T	O
_EndOfLine_	O
em#N	O
cần#V	O
anh#Nc	O
tư	O
vấn#V	O
về#E	O
khóa#N	O
học#V	O
_EndOfLine_	O
Ship#Np	O
về#V	O
đl#V	O
bao	O
nhiêu#P	O
v#N	O
ạ#T	O
_EndOfLine_	O
vậy#P	O
chắc#A	O
có#V	O
dịp#N	O
đi#V	O
sg#V	O
mới#R	O
được#V	O
ăn#V	O
huhu#M	O
_EndOfLine_	O
Số#N	LOC
2/2#N	LOC
Ngõ#Np	LOC
84#Np	LOC
Trần	LOC
Quang#Np	LOC
Diệu#Np	LOC
_EndOfLine_	O
Tý#Np	O
mình#P	O
qua#V	O
108#Np	O
trao	O
đổi#V	O
nhé#T	O
_EndOfLine_	O
26#Np	LOC
mai#N	LOC
chí#V	LOC
thọ#N	LOC
_EndOfLine_	O
FB#N	O
Minh#Np	O
H#Np	O
Do#Np	O
_EndOfLine_	O
tới#E	O
địa	O
chỉ#N	O
Nhà	LOC
vườn#N	LOC
14#Np	LOC
-#CH	LOC
hapulico#M	LOC
_EndOfLine_	O
em#N	O
ở#E	O
Q8#Np	O
học#V	O
tại#E	O
HCM#N	LOC
hay#C	O
Bình	LOC
Dương#Np	LOC
thuận	O
tiện#V	O
cho#E	O
em#N	O
nhỉ#T	O
_EndOfLine_	O
Shop#N	O
ở#E	O
số#N	LOC
3#M	LOC
Lê#Np	LOC
Thanh#Np	LOC
Nghị#Np	LOC
-#CH	LOC
TP#N	LOC
Hải	LOC
Dương#Np	LOC
b#V	O
nhé#T	O
_EndOfLine_	O
Hà	LOC
Nội#Np	LOC
shop#A	O
có#V	O
KHO#N	O
HÀNG#N	O
ở#E	O
số#N	LOC
26#M	LOC
ngõ#N	LOC
162#Np	LOC
/#CH	LOC
29#Np	LOC
Lê#Np	LOC
Trọng#Np	LOC
Tấn#Np	LOC
-#CH	LOC
Thanh	LOC
Xuân#Np	LOC
ạ#T	O
_EndOfLine_	O
C6#Np	O
/#CH	O
1#M	O
lê#N	O
đình#N	O
chi#P	O
ấp#N	LOC
3#Np	LOC
Lmx#Np	LOC
bình#N	LOC
chanhd#M	LOC
_EndOfLine_	O
134#Np	LOC
/#CH	LOC
1/1#N	LOC
A#Ny	LOC
tân	LOC
sơn#N	LOC
nhì#M	LOC
_EndOfLine_	O
dạ#N	O
phí#N	O
ship#N	O
q8#V	O
tầm#N	O
20-25#N	O
k#V	O
a#N	O
nhé#T	O
_EndOfLine_	O
bưu	LOC
điện#N	LOC
Tổ#Np	LOC
2#M	LOC
thị	LOC
trấn#N	LOC
vị	LOC
xuyên#N	LOC
huyện#N	LOC
vị	LOC
xuyên#N	LOC
tỉnh#N	LOC
Hà#Np	LOC
Giang#Np	LOC
_EndOfLine_	O
0774278981#Np	O
_EndOfLine_	O
324#Np	LOC
phạm#V	LOC
hùng#A	LOC
f5#N	LOC
q8#M	LOC
_EndOfLine_	O
Đinh#Np	O
Thị#Np	O
Quế#Np	O
.#CH	O
C	O
ông	LOC
ty#N	LOC
Hải#Np	LOC
Thịnh#Np	LOC
.#CH	O
Kcn#Np	LOC
Đông#Np	LOC
Thọ#Np	LOC
_EndOfLine_	O
Phường#N	LOC
thủy#V	LOC
dương#N	LOC
_EndOfLine_	O
bạn#N	O
ship#N	O
tỉnh#N	O
hay#C	O
nội	O
thành#N	O
Hà	LOC
Nội#Np	LOC
ạ#I	O
?#CH	O
_EndOfLine_	O
Shop#N	O
ở#E	O
số#N	LOC
3#M	LOC
Lê#Np	LOC
Thanh#Np	LOC
Nghị#Np	LOC
-#CH	LOC
TP#N	LOC
Hải	LOC
Dương#Np	LOC
b#V	O
nhé#T	O
_EndOfLine_	O
Hà	LOC
Nội#Np	LOC
shop#A	O
có#V	O
KHO#N	O
HÀNG#N	O
ở#E	O
số#N	LOC
26#M	LOC
ngõ#N	LOC
162#Np	LOC
/#CH	LOC
29#Np	LOC
Lê#Np	LOC
Trọng#Np	LOC
Tấn#Np	LOC
-#CH	LOC
Thanh	LOC
Xuân#Np	LOC
ạ#T	O
_EndOfLine_	O
Tòa#N	LOC
nhà#N	LOC
golden#N	LOC
Palace#Np	LOC
_EndOfLine_	O
Giao#V	O
số#N	LOC
2a#Np	LOC
Phùng#Np	LOC
Khắc#Np	LOC
Khoan#Np	LOC
_EndOfLine_	O
Tp#N	LOC
huế#M	LOC
_EndOfLine_	O
shop#N	O
e#V	O
là#V	O
ở#E	O
102#Np	LOC
đường#N	LOC
nguyễn#V	LOC
gia#N	LOC
trí#M	LOC
_EndOfLine_	O
C#N	O
qua#V	O
phạm#N	LOC
ngọc	LOC
thạch#M	LOC
_EndOfLine_	O
Dạ#Np	O
cần#V	O
hộ#V	O
trợ#V	O
thêm#V	O
thông	O
tin#N	O
gì#P	O
mình#P	O
cứ#R	O
ib#V	O
cho#E	O
shop#V	O
bạn#N	O
nhé#T	O
.#CH	O
!#CH	O
_EndOfLine_	O
Địa#Np	O
Chỉ#Np	O
Shop#Np	O
:#CH	O
_EndOfLine_	O
CN#N	O
1#Np	O
Tổng#Np	O
:#CH	O
333B#N	LOC
Minh#Np	LOC
Phụng#Np	LOC
_EndOfLine_	O
Nguyễn#Np	O
Phước#Np	O
Hải#Np	O
số#N	LOC
nhà#N	LOC
15#M	LOC
ngõ#N	LOC
45#Np	LOC
đường#N	LOC
Xuân	LOC
Thái#Np	LOC
_EndOfLine_	O
Số#N	LOC
424#N	LOC
phạm#N	LOC
văn#N	LOC
bạch#N	LOC
p15#N	LOC
quận#N	LOC
tân	LOC
bình#M	LOC
_EndOfLine_	O
144#Np	LOC
/#CH	LOC
9#Np	LOC
ngô#V	LOC
gia#N	LOC
khảm#V	LOC
tp#N	LOC
playku#V	LOC
gia#N	LOC
lai#A	LOC
_EndOfLine_	O
Ship#M	O
hộ#N	O
chị#Nc	O
đến#V	O
địa	O
chỉ#N	O
:#CH	O
_EndOfLine_	O
Bể	LOC
bơi#N	LOC
La#Np	LOC
Khê#Np	LOC
_EndOfLine_	O
Địa	O
chỉ#N	O
ấp#N	LOC
bàu#N	LOC
cây#N	LOC
cám#N	LOC
xã#N	LOC
thanh	LOC
an#N	LOC
huyện#N	LOC
dầu#N	LOC
tiếng#N	LOC
tỉnh#N	LOC
bình	LOC
dương#M	LOC
_EndOfLine_	O
Dạ#N	O
ship#N	O
Thanh	LOC
Hoá#Np	LOC
33k#Np	O
ạ#T	O
_EndOfLine_	O
292#Np	LOC
bùi#V	LOC
công	LOC
trừng#N	LOC
xã#N	LOC
nhị#V	LOC
bình#N	LOC
huyện#N	LOC
hóc#V	LOC
môn#N	LOC
_EndOfLine_	O
293tổ8#Np	LOC
ấp4#V	LOC
sông	LOC
trầu#N	LOC
trảng	LOC
bom#M	LOC
_EndOfLine_	O
đồng#N	LOC
nai#M	LOC
_EndOfLine_	O
Chao#Np	O
Nguyễn#Np	O
Nguyễn#Np	O
Chung#Np	O
toi#V	O
se#N	O
tra#V	O
loi#N	O
ban#N	O
trong#E	O
thoi#N	O
gian#N	O
som#V	O
nhat#N	O
!#CH	O
Cam#Np	O
on#V	O
ban#N	O
!#CH	O
_EndOfLine_	O
DIEMFASHION#N	O
(#CH	O
Quan#Np	O
Ao#Np	O
)#CH	O
_EndOfLine_	O
68C#N	LOC
Ton#Np	LOC
Duc#Np	LOC
Thang#Np	LOC
_EndOfLine_	O
xã#N	LOC
bình	LOC
sơn#N	LOC
hay#C	LOC
xã#N	LOC
bình	LOC
đông#V	LOC
ạ#T	O
_EndOfLine_	O
Nha#Np	O
toi#V	O
o#Nc	O
q12#N	O
vay#V	O
co#V	O
dc#N	O
k#V	O
.#CH	O
u#V	O
toi#N	O
chi#P	O
co#V	O
cm#N	O
+#V	O
hk#N	O
thoi#M	O
_EndOfLine_	O
Ship#N	O
tới#E	O
vietinbank#N	LOC
-#CH	LOC
183#Np	LOC
nguyễn#V	LOC
lương#N	LOC
bằng#E	LOC
luôn#R	O
nha#T	O
_EndOfLine_	O
BCP#N	LOC
Phú#Np	LOC
Quốc#Np	LOC
1#M	LOC
-#CH	LOC
Kiên	LOC
Giang#Np	LOC
_EndOfLine_	O
Sô#N	LOC
´#N	LOC
10#M	LOC
_EndOfLine_	O
số#N	O
mấy#L	O
Nguyễn#Np	LOC
Phan#Np	LOC
Vinh#Np	LOC
vậy#T	O
e#M	O
_EndOfLine_	O
Họ#P	O
tên#N	O
:#CH	O
Ngọc#Np	O
Huỳnh#Np	O
_EndOfLine_	O
SĐT#N	O
:#CH	O
0948737732#Np	O
_EndOfLine_	O
Địa	O
chỉ#N	O
:#CH	O
284#Np	O
_EndOfLine_	O
Một#M	O
la#N	O
Hưng#Np	LOC
yên#A	LOC
hai#M	O
la#N	O
phú#V	LOC
thọ#N	LOC
đều#R	O
ơ#V	O
thi	O
xã#N	O
a#N	O
ak#M	O
_EndOfLine_	O
bạn#N	O
giao#V	O
cho#E	O
mình#P	O
qua#V	O
địa	O
chỉ#N	O
68#Np	LOC
Tây	LOC
Sơn#Np	LOC
nha#I	O
(#CH	O
Ngân	O
hàng#N	O
SCB#N	O
)#CH	O
_EndOfLine_	O
Nếu#C	O
tiện#V	O
đường#N	O
b#V	O
qua#E	O
tòa#N	LOC
PVI#M	LOC
_EndOfLine_	O
CN#N	O
3#M	O
:#CH	O
297#Np	LOC
Quang	LOC
Trung#Np	LOC
_EndOfLine_	O
Kim	O
ngân#M	O
_EndOfLine_	O
Ủy#N	LOC
ban#N	LOC
xã#N	LOC
Bạch	LOC
Đích#Np	LOC
_EndOfLine_	O
H	O
uyện#N	LOC
Yên	LOC
Minh#Np	LOC
_EndOfLine_	O
Tỉnh#N	LOC
Hà#Np	LOC
Giang#Np	LOC
_EndOfLine_	O
Sdt#Np	O
0367789229#Np	O
_EndOfLine_	O
Ship#Np	O
từ#E	O
hnoi#N	O
đến#E	O
cần	LOC
thơ#N	LOC
30k#Np	O
phải#V	O
ko#V	O
_EndOfLine_	O
Trương#Np	O
văn	O
công#V	O
c1d17#N	LOC
sư	LOC
đoàn#N	LOC
2#M	LOC
xã#N	LOC
thành	LOC
an#N	LOC
tx#V	LOC
an	LOC
khê#N	LOC
tỉnh#N	LOC
gia#V	LOC
lai#A	LOC
_EndOfLine_	O
mình#P	O
ở#E	O
nha#M	LOC
trang#N	LOC
_EndOfLine_	O
Showroom#N	O
1#M	O
:#CH	O
118#Np	LOC
Lê#Np	LOC
Thanh#Np	LOC
Nghị#Np	LOC
-#CH	LOC
bách	LOC
khoa#N	LOC
-#CH	O
Hà	LOC
Nội#Np	LOC
(#CH	O
Mở	O
cửa#V	O
8h#Np	O
-#CH	O
21h#Np	O
.#CH	O
)#CH	O
-#CH	O
SĐT#N	O
0978533883#Np	O
_EndOfLine_	O
Showroom#Np	O
2#Np	O
:#CH	O
103#Np	LOC
Lương#Np	LOC
Thế#Np	LOC
Vinh#Np	LOC
-#CH	LOC
Nam#Np	LOC
Từ	LOC
Liêm#Np	LOC
-#CH	O
Hà	LOC
Nội#Np	LOC
(#CH	O
Mở	O
cửa#V	O
8h#Np	O
-#CH	O
21h#Np	O
.#CH	O
)#CH	O
SĐT#N	O
0869953296#Np	O
_EndOfLine_	O
Hỗ	O
trợ#V	O
kỹ	O
thuật#N	O
:#CH	O
0888888459#Np	O
/#CH	O
0989310550#Np	O
_EndOfLine_	O
0983137759#Np	O
_EndOfLine_	O
51#N	LOC
ngõ#N	LOC
10#Np	LOC
Hùng#Np	LOC
duệ#V	LOC
vương#N	LOC
thượng	LOC
lý#V	LOC
hồng#N	LOC
bàng#N	LOC
hải	LOC
phòng#M	LOC
_EndOfLine_	O
Ngày#N	O
m7#M	O
e#V	O
vào#E	O
sg#M	O
_EndOfLine_	O
Em#N	O
ở#V	O
HN#M	LOC
_EndOfLine_	O
ship#N	O
Q7#Np	LOC
bao	O
nhiêu#P	O
ạ#I	O
?#CH	O
_EndOfLine_	O
Kim#Np	O
liên#Z	O
023#Np	LOC
hoàng	LOC
lan#V	LOC
bắc	LOC
cường#N	LOC
lào#N	LOC
cai#V	LOC
.#CH	O
0944836577#Np	O
_EndOfLine_	O
Dạ#Np	O
cần#V	O
hộ#V	O
trợ#V	O
thêm#V	O
thông	O
tin#N	O
gì#P	O
mình#P	O
cứ#R	O
ib#V	O
cho#E	O
shop#V	O
bạn#N	O
nhé#T	O
.#CH	O
!#CH	O
_EndOfLine_	O
Địa#Np	O
Chỉ#Np	O
Shop#Np	O
:#CH	O
_EndOfLine_	O
CN#N	O
1#Np	O
Tổng#Np	O
:#CH	O
333B#N	LOC
Minh#Np	LOC
Phụng#Np	LOC
_EndOfLine_	O
Lường#Np	O
thị#V	O
khuê#N	O
trường#N	O
mn#N	O
hoa	O
hồng#N	O
_EndOfLine_	O
Tới	O
số#N	O
6#M	LOC
ngõ#N	LOC
pct#M	LOC
_EndOfLine_	O
Số#N	O
1#M	LOC
lương#N	LOC
yên#A	LOC
_EndOfLine_	O
Địa	O
chỉ#N	O
470#Np	LOC
đường#N	LOC
láng#M	LOC
_EndOfLine_	O
Để#E	O
mk#V	O
qua#V	O
299#Np	LOC
quang	LOC
trung#V	LOC
lấy#V	O
ạ#T	O
_EndOfLine_	O
ở#E	O
nguyễn#N	LOC
đức#V	LOC
cảnh#N	LOC
có#V	O
mẫu#N	O
này#P	O
ko#N	O
ah#M	O
m#Nu	O
muốn#V	O
đến#V	O
trực	O
tiếp#A	O
shop#V	O
xem#V	O
hàng#N	O
_EndOfLine_	O
HOA#N	O
QUẢ#T	O
ƯU#N	O
ĐÀM#M	O
_EndOfLine_	O
Địa	O
chỉ#N	O
:#CH	O
P103#Np	LOC
C4#Np	LOC
(#CH	O
Ngõ#N	LOC
46C#N	LOC
Phạm#Np	LOC
Ngọc#Np	LOC
_EndOfLine_	O
Thạch#Np	O
)#CH	O
_EndOfLine_	O
Điện	O
thoại#N	O
:#CH	O
02456789555#Np	O
_EndOfLine_	O
Ngày#N	O
bán#V	O
:#CH	O
04/10/2019#N	O
10#M	O
:#CH	O
04#Np	O
_EndOfLine_	O
HOÁ	O
ĐƠN#N	O
ĐẶT	O
HÀNG#M	O
_EndOfLine_	O
DH016676#M	O
_EndOfLine_	O
Khách	O
hàng#N	O
:#CH	O
Ngoc#Np	O
Bich#Np	O
Nguyen#Np	O
_EndOfLine_	O
Địa	O
chỉ#N	O
:#CH	O
MSB#N	LOC
Vincom#Np	LOC
NCT#M	LOC
-#CH	LOC
54A#N	LOC
Nguyễn#Np	LOC
_EndOfLine_	O
Chí#Np	O
Thanh#Np	O
_EndOfLine_	O
Điện	O
thoại#N	O
:#CH	O
0932619255#Np	O
_EndOfLine_	O
Người#Nc	O
bán#V	O
:#CH	O
Ngọc#Np	O
Huyền#Np	O
_EndOfLine_	O
Người#Nc	O
giao#V	O
hàng#N	O
:#CH	O
_EndOfLine_	O
Thời	O
gian#N	O
giao#V	O
hàng#N	O
:#CH	O
_EndOfLine_	O
Ghi	O
chú#N	O
:#CH	O
Trc#Np	O
11h30#Np	O
_EndOfLine_	O
Tên#N	O
hàng#N	O
SL#N	O
Đơn#Np	O
_EndOfLine_	O
giá#N	O
_EndOfLine_	O
Thành#Np	O
_EndOfLine_	O
tiền#N	O
_EndOfLine_	O
Kiwi#Np	O
Vàng#Np	O
Thùng#Np	O
_EndOfLine_	O
25Q#M	O
-#CH	O
(#CH	O
Thùng#Np	O
)#CH	O
1#Np	O
399#Np	O
_EndOfLine_	O
♚#N	O
:#CH	O
Địa	O
chỉ#N	O
:#CH	O
Liền#Np	LOC
kề#V	LOC
15#M	LOC
ngõ#N	LOC
2#M	LOC
Nguyễn#Np	LOC
Văn#Np	LOC
Lộc#Np	LOC
-#CH	LOC
Hà#Np	LOC
Đông#Np	LOC
-#CH	O
Hà	LOC
Nội#Np	LOC
_EndOfLine_	O
☛#N	O
Mặt#N	LOC
sau#N	LOC
Coop#Np	LOC
Mart#Np	LOC
_EndOfLine_	O
✓#N	O
SĐT#V	O
:#CH	O
0961.912.123#M	O
_EndOfLine_	O
Chị#Nc	O
thấy#V	O
em#N	O
gắn#V	O
đường#N	LOC
Hoàng	LOC
Hoa#Np	LOC
Thám#Np	LOC
thì#C	O
cũng#R	O
gần#A	O
nhà#N	O
chị#Nc	O
_EndOfLine_	O
Dạ#Np	O
88#Np	LOC
đặng#V	LOC
văn#N	LOC
ngữ#N	LOC
p10#V	LOC
phú#N	LOC
nhuận#V	LOC
ạ#T	O
_EndOfLine_	O
13#M	O
Lý#Np	O
Thái	O
Tổ#Np	O
_EndOfLine_	O
Đc#Np	O
98a#Np	LOC
phố#N	LOC
ngụy#N	LOC
như#C	LOC
kon#N	LOC
tum#M	LOC
_EndOfLine_	O
bác#Nc	O
chuyển	O
khoản#V	O
vào#E	O
tài	O
khoản#N	O
nhà#N	O
vườnTên#N	O
TK#V	O
:#CH	O
.#CH	O
Vũ#Np	O
Thị#Np	O
Thương#Np	O
_EndOfLine_	O
Agribank#N	O
chi	O
nhánh#N	O
Cầu	O
Giấy#Np	O
:#CH	O
1450251285695#Np	O
_EndOfLine_	O
Vietcombank#N	O
chi	O
nhánh#N	O
Cầu	O
Giấy#Np	O
:#CH	O
Nguyễn#Np	O
Cao#Np	O
Linh#Np	O
0491000077887#Np	O
_EndOfLine_	O
Size#N	O
xs#N	O
trắng#A	O
còn#R	O
ở#E	O
cầu	LOC
giấy#N	LOC
k#A	O
ạ#T	O
_EndOfLine_	O
bạn#N	O
ship#N	O
tỉnh#N	O
hay#C	O
nội	O
thành#N	O
Hà	LOC
Nội#Np	LOC
ạ#I	O
?#CH	O
_EndOfLine_	O
48/6#N	LOC
võ	LOC
trường#V	LOC
toản#N	LOC
phường#N	LOC
an#V	LOC
hòa#N	LOC
quận#N	LOC
ninh#N	LOC
kiều#V	LOC
tp#N	LOC
cần	LOC
thơ#M	LOC
_EndOfLine_	O
Dạ#Np	O
hiê#V	O
̣#N	O
n#N	O
ta#P	O
̣#V	O
i#M	O
cư#N	O
̉#V	O
a	O
ha#N	O
̀#V	O
ng#N	O
co#V	O
́#N	O
2#Np	O
chi#P	O
nha#I	O
́#N	O
nh#V	O
chi#P	O
́#V	O
nh#N	O
:#CH	O
_EndOfLine_	O
CN1#N	O
:#CH	O
182#Np	LOC
Trần#Np	LOC
Quang	LOC
Khải#Np	LOC
_EndOfLine_	O
E#Np	O
ở#E	O
Bắc	LOC
ninh#M	LOC
_EndOfLine_	O
Mình#P	O
ở#E	O
Đà	LOC
Nẵng#Np	LOC
_EndOfLine_	O
COD#N	O
4/10#N	O
1#M	O
XUÂN	O
XANH#N	O
Minh	O
ngọc#M	O
-#CH	O
thôn#N	LOC
tân	LOC
thắng#A	LOC
xã#N	LOC
chiến	LOC
thắng#V	LOC
huyện#N	LOC
an	LOC
lão#V	LOC
-#CH	LOC
hải	LOC
phòng#M	LOC
_EndOfLine_	O
Add#N	O
1#M	O
:#CH	O
99#Np	LOC
Bạch	LOC
Mai#Np	LOC
_EndOfLine_	O
Store#N	O
GIÀY#N	O
:#CH	O
Số#N	O
nhà#N	O
21#Np	O
ngách#N	O
5#M	O
_EndOfLine_	O
b#N	O
có#V	O
ở#E	O
hn#N	LOC
ko#A	O
ạ#T	O
_EndOfLine_	O
Dạ#Np	O
shop#V	O
ở#E	O
thanh	LOC
hóa#M	LOC
_EndOfLine_	O
Còn#C	O
bt#N	O
e#V	O
ở#E	O
183#Np	LOC
yên	LOC
lãng#V	LOC
cơ#N	O
_EndOfLine_	O
Ship#Np	O
giúp#V	O
m#V	O
đến#E	O
Trươngf#Np	LOC
mầm	LOC
non#V	LOC
vân	LOC
canh#N	LOC
(#CH	O
khu#N	LOC
hậu#A	LOC
ái#N	LOC
)#CH	O
xã#N	LOC
vân	LOC
canh#V	LOC
hoài#R	LOC
Đức#Np	LOC
Hà	LOC
nội#M	LOC
_EndOfLine_	O
Sđt#Np	O
0974507493#Np	O
_EndOfLine_	O
Dạ#Np	O
cần#V	O
hộ#V	O
trợ#V	O
thêm#V	O
thông	O
tin#N	O
gì#P	O
mình#P	O
cứ#R	O
ib#V	O
cho#E	O
shop#V	O
bạn#N	O
nhé#T	O
.#CH	O
!#CH	O
_EndOfLine_	O
Địa#Np	O
Chỉ#Np	O
Shop#Np	O
:#CH	O
_EndOfLine_	O
CN#N	O
1#Np	O
Tổng#Np	O
:#CH	O
333B#N	LOC
Minh#Np	LOC
Phụng#Np	LOC
_EndOfLine_	O
11#M	LOC
lê#N	LOC
tấn#N	LOC
trung#A	LOC
a#M	O
_EndOfLine_	O
Nguyễn#Np	O
my#N	O
77#Np	LOC
Nguyễn#Np	LOC
Thị#Np	LOC
kiêu#V	LOC
p#N	LOC
thới	LOC
an#V	LOC
q12#N	LOC
0981285569#Np	O
.#CH	O
_EndOfLine_	O
ở#E	O
tphcm#M	LOC
_EndOfLine_	O
Bích#Np	O
_EndOfLine_	O
33A#N	LOC
đinh#V	LOC
bộ#N	LOC
lĩnh#V	LOC
p24#N	LOC
bình	LOC
thạnh#V	LOC
ạ#T	O
_EndOfLine_	O
Tên#N	O
:#CH	O
Ẩn#Np	O
Huỳnh#Np	O
_EndOfLine_	O
Địa	O
chỉ#N	O
:#CH	O
28#M	LOC
-#CH	LOC
lý#N	LOC
thường	LOC
kiệt#M	LOC
-#CH	LOC
phường#N	LOC
xuân	LOC
an#N	LOC
-#CH	LOC
TP#Ny	LOC
Long#Np	LOC
khánh#V	LOC
-#CH	O
Tỉnh#N	O
đồng#N	LOC
nai#M	LOC
_EndOfLine_	O
Sdt#Np	O
:#CH	O
0348799563#Np	O
_EndOfLine_	O
�#N	O
Cửa	O
hàng#N	O
:#CH	O
Một#M	O
cơ	O
sở#N	O
duy#N	O
số#N	LOC
1#M	LOC
ngõ#N	LOC
27#Np	LOC
Lý	LOC
Sơn#Np	LOC
-#CH	O
LB#N	O
-#CH	O
Hà	LOC
Nội#Np	LOC
(#CH	O
Mặt	LOC
cầu#N	LOC
Đông#Np	LOC
Trù#Np	LOC
Long#Np	LOC
Biên#Np	LOC
)#CH	O
từ#E	O
nguyễn#M	LOC
văn#N	LOC
cừ#V	LOC
vào#E	O
tầm#N	O
800m#Np	O
.#CH	O
Phía#N	O
bên#N	O
trái#A	O
_EndOfLine_	O
31/9#N	LOC
phan#V	LOC
huy#N	LOC
chú#Nc	LOC
p10#N	LOC
quận#N	LOC
5#M	LOC
_EndOfLine_	O
mình#P	O
ở	O
trần	LOC
khát#V	LOC
chân#N	LOC
_EndOfLine_	O
45#Np	LOC
Quang	LOC
Trung#Np	LOC
-#CH	LOC
Vinh#Ny	LOC
-#CH	LOC
Nghệ	LOC
An#Np	LOC
shop#V	O
nhé#T	O
_EndOfLine_	O
Dạ#Np	O
shop#V	O
ở#E	O
Lê#Np	LOC
Trọng#Np	LOC
Tấn#Np	LOC
_EndOfLine_	O
HOA#N	O
QUẢ#T	O
ƯU#N	O
ĐÀM#M	O
_EndOfLine_	O
Địa	O
chỉ#N	O
:#CH	O
P103#Np	LOC
C4#Np	LOC
(#CH	O
Ngõ#N	LOC
46C#N	LOC
Phạm#Np	LOC
Ngọc#Np	LOC
_EndOfLine_	O
Thạch#Np	O
)#CH	O
_EndOfLine_	O
Điện	O
thoại#N	O
:#CH	O
02456789555#Np	O
_EndOfLine_	O
Ngày#N	O
bán#V	O
:#CH	O
04/10/2019#N	O
10#M	O
:#CH	O
07#Np	O
_EndOfLine_	O
HOÁ	O
ĐƠN#N	O
ĐẶT	O
HÀNG#M	O
_EndOfLine_	O
DH016678#M	O
_EndOfLine_	O
Khách	O
hàng#N	O
:#CH	O
Ếch#Np	O
Kon#Np	O
_EndOfLine_	O
Địa	O
chỉ#N	O
:#CH	O
A3#Np	O
151#Np	LOC
Nguyễn#Np	LOC
Đức#Np	LOC
Cảnh#Np	LOC
_EndOfLine_	O
Điện	O
thoại#N	O
:#CH	O
0342481990#Np	O
_EndOfLine_	O
Người#Nc	O
bán#V	O
:#CH	O
Thanh#Np	O
Ngà#Np	O
_EndOfLine_	O
Người#Nc	O
giao#V	O
hàng#N	O
:#CH	O
_EndOfLine_	O
Thời	O
gian#N	O
giao#V	O
hàng#N	O
:#CH	O
_EndOfLine_	O
Ghi	O
chú#N	O
:#CH	O
_EndOfLine_	O
Tên#N	O
hàng#N	O
SL#V	O
Đơn	O
giá	O
Thành#V	O
tiền#N	O
_EndOfLine_	O
Cam#Np	O
Sành#Np	O
10#M	O
kg#Nu	O
1#Np	O
270#Np	O
_EndOfLine_	O
em#N	O
ở#E	O
hà	LOC
nội#N	LOC
anh	O
chị#Nc	O
ạ#T	O
_EndOfLine_	O
Dạ#V	O
em#N	O
xin#V	O
xác	O
nhận#V	O
lại#R	O
đơn	O
hàng#V	O
ạ#T	O
:#CH	O
_EndOfLine_	O
Tên#N	O
KH#V	O
:#CH	O
Anh#Nc	O
Đỗ#Np	O
Biên	O
Phòng#Np	O
_EndOfLine_	O
Sđt#Np	O
:#CH	O
0989698099#Np	O
_EndOfLine_	O
Địa	O
chỉ#N	O
:#CH	O
so#V	LOC
4E3#N	LOC
phường#N	LOC
văn	LOC
đẩu#V	LOC
quận#N	LOC
kiến#N	LOC
an#M	LOC
_EndOfLine_	O
Chung	LOC
cư#N	LOC
green#V	LOC
star#N	LOC
.#CH	O
Phạm#Np	LOC
văn#N	LOC
đồng#N	LOC
e#V	O
nhé#T	O
_EndOfLine_	O
Quận#N	LOC
1#M	LOC
ở#E	O
đâu#P	O
ạ#I	O
?#CH	O
_EndOfLine_	O
maidung#N	O
95#Np	LOC
nguyễn#V	LOC
chí#N	LOC
thanh#V	LOC
khu	LOC
phố#N	LOC
2#M	LOC
thị	LOC
trấn#N	LOC
tân	LOC
biên#N	LOC
huyện#N	LOC
tân	LOC
biên#N	LOC
tỉnh#N	LOC
tây	LOC
ninh#V	LOC
so#V	O
dt#N	O
0977878070#Np	O
.#CH	O
lấy#V	O
cái#Nc	O
áo#N	O
trắng#A	O
va#N	O
cai#V	O
váy#N	O
vol#M	O
_EndOfLine_	O
Quảng	LOC
ninh#M	LOC
_EndOfLine_	O

